Col_Names,
Sheath Dress,
Slim Fit Jeans,
Tailored Blazer,
Cashmere Sweater,
Ballet Flats,
Leather Jacket,
Denim Shorts,
Peacoat,
Silk Scarf,
Trench Coat,
Wrap Dress,
Pleated Skirt,
Suede Boots,
Chiffon Blouse,
Linen Pants,
Wool Cardigan,
Sequin Dress,
Maxi Skirt,
Velvet Blazer,
Ankle Boots,
Pencil Skirt,
Ruffled Top,
Tweed Jacket,
Satin Slip Dress,
Cropped Trousers,
Lace Camisole,
Parka Jacket,
Cashmere Wrap,
Denim Jacket,
Turtleneck Sweater,
Leather Leggings,
Pleated Jumpsuit,
Sheer Blouse,
Bomber Jacket,
Jersey Dress,
Cargo Pants,
Floral Maxi Dress,
Moto Jacket,
Tulle Skirt,
Linen Shirt,
Knit Sweater,
Corduroy Pants,
Off-Shoulder Top,
Quilted Vest,
Crepe Blouse,
Faux Fur Coat,
Wide-Leg Trousers,
Velvet Dress,
Kimono Robe,
Denim Overalls,
Sweater Dress,
Puffer Jacket,
Sleeveless Blazer,
Palazzo Pants,
Wrap Top,
Gingham Dress,
Bomber Jacket,
High-Waisted Shorts,
Lace Midi Dress,
Utility Jumpsuit,
Printed Blouse,
Knit Skirt,
Plaid Blazer,
Sequin Skirt,
Sheer Maxi Dress,
Embellished Jacket,
Peplum Top,
Vegan Leather Pants,
Striped Shirt,
Denim Skirt,
Teddy Coat,
Midi Dress,
Cargo Jacket,
Embroidered Blouse,
Linen Shorts,
Tuxedo Blazer,
Satin Pants,
Cold Shoulder Dress,
Wool Peacoat,
Crochet Top,
Track Pants,
Flared Jeans,
Halter Neck Dress,
Tailored Vest,
Faux Suede Skirt,
Silk Kimono,
Mesh Bodysuit,
Denim Shirt,
Oversized Hoodie,
Asymmetric Skirt,
Leather Pants,
Bell Sleeve Blouse,
Taffeta Gown,
Jumpsuit,
Windbreaker Jacket,
Lace-Up Boots,
Linen Blazer,
Tweed Skirt,
Bandeau Dress,
Cargo Shorts,
Abercrombie_model,
Adidas_model,
Alexander_McQueen_model,
Balenciaga_model,
Balmain_model,
Banana_Republic_model,
BCBG_model,
Billabong_model,
Burberry_model,
Calvin_Klein_model,
Chanel_model,
Chloe_model,
Christian_Dior_model,
Coach_model,
Diesel_model,
Dolce_Gabbana_model,
Emporio_Armani_model,
Fendi_model,
Forever_21_model,
Gap_model,
Givenchy_model,
Gucci_model,
Guess_model,
H_M_model,
Hugo_Boss_model,
J_Crew_model,
Kenzo_model,
Lacoste_model,
Levi's_model,
Louis_Vuitton_model,
Mango_model,
Marc_Jacobs_model,
Michael_Kors_model,
Miu_Miu_model,
Moncler_model,
Moschino_model,
Nike_model,
Prada_model,
Puma_model,
Ralph_Lauren_model,
Saint_Laurent_model,
Salvatore_Ferragamo_model,
Tommy_Hilfiger_model,
Tory_Burch_model,
Valentino_model,
Versace_model,
Victoria's_Secret_model,
Zara_model,
Acne_Studios_model,
Alice_Olivia_model,
AllSaints_model,
Amiri_model,
Ann_Taylor_model,
Anthropologie_model,
APC_model,
Armani_Exchange_model,
ASOS_model,
Balmain_Beauty_model,
Bally_model,
Band_of_Outsiders_model,
Barbour_model,
BCBGMAXAZRIA_model,
Benetton_model,
Billabong_women_model,
Boden_model,
Boohoo_model,
Boss_Orange_model,
Brioni_model,
Brooks_Brothers_model,
Brunello_Cucinelli_model,
Burton_model,
Canali_model,
Carhartt_model,
Carolina_Herrera_model,
Carven_model,
Champion_model,
Chiara_Ferragni_model,
Chloe_women_model,
Church's_model,
Citizens_of_Humanity_model,
Claudie_Pierlot_model,
Club_Monaco_model,
Comme_des_Gar√ßons_model,
COS_model,
Current_Elliott_model,
Diane_von_Furstenberg_model,
DKNY_model,
Dries_van_Noten_model,
Dsquared2_model,
Ecco_model,
Eleventy_model,
Ellery_model,
Equipment_model,
Erdem_model,
Etro_model,
Eytys_model,
Faith_Connexion_model,
Fear_of_God_model,
Fila_model,
Frame_Denim_model,
